"service","rho_pooled","rho_rural"
"GP",-0.755016656863661,-0.786173914450792
"Pharmacy",-0.595726954181145,-0.568248044351158
"Supermarket",-0.641821675719129,-0.689049048838952
"A&E",-0.433536449139447,-0.218456359546198
"Mental health",-0.530187300930709,-0.19878942853906
